,year,average population,live births,deaths,natural change,birth,death,natural change,migration change,total fertility rate[a],infant mortality rate,life expectancy (total)
90,1880,50262000,1965000.0,1131000.0,834000.0,39.1,22.5,16.6,3.3,,,
91,1881,51466000,1991000.0,1146000.0,845000.0,38.7,22.3,16.4,7.0,,,
92,1882,52893000,2024000.0,1166000.0,858000.0,38.3,22.0,16.3,10.8,,,
93,1883,54435000,2061000.0,1187000.0,874000.0,37.9,21.8,16.1,12.3,,,
94,1884,55826000,2090000.0,1204000.0,886000.0,37.4,21.6,15.8,9.0,,,
95,1885,57128000,2115000.0,1219000.0,896000.0,37.0,21.3,15.7,7.1,,,
96,1886,58258000,2129000.0,1232000.0,897000.0,36.5,21.1,15.4,4.0,,,
97,1887,59357000,2141000.0,1244000.0,897000.0,36.1,21.0,15.1,3.4,,,
98,1888,60614000,2157000.0,1259000.0,898000.0,35.6,20.8,14.8,5.9,,,
99,1889,61893000,2173000.0,1274000.0,899000.0,35.1,20.6,14.5,6.1,,,
100,1890,63056000,2183000.0,1286000.0,897000.0,34.6,20.4,14.2,4.2,,,
101,1891,64432000,2200000.0,1302000.0,898000.0,34.1,20.2,13.9,7.4,,,
102,1892,65920000,2219000.0,1319000.0,900000.0,33.7,20.0,13.7,8.9,,,
103,1893,67470000,2239000.0,1337000.0,902000.0,33.2,19.8,13.4,9.6,,,
104,1894,68910000,2253000.0,1353000.0,900000.0,32.7,19.6,13.1,7.8,,,
105,1895,70076000,2258000.0,1362000.0,896000.0,32.2,19.4,12.8,3.9,,,
106,1896,71188000,2279000.0,1368000.0,911000.0,32.0,19.2,12.8,2.8,,,
107,1897,72441000,2303000.0,1377000.0,926000.0,31.8,19.0,12.8,4.5,,,
108,1898,73600000,2325000.0,1383000.0,942000.0,31.6,18.8,12.8,2.9,,,
109,1899,74793000,2346000.0,1389000.0,957000.0,31.4,18.6,12.8,3.2,,,
110,1900,76094000,2371000.0,1308000.0,1063000.0,31.2,17.2,14.0,3.1,,,47.3
111,1901,77584000,2401000.0,1274000.0,1127000.0,30.9,16.4,14.5,4.7,,,49.1
112,1902,79163000,2433000.0,1225000.0,1208000.0,30.7,15.5,15.2,4.7,,,51.5
113,1903,80632000,2461000.0,1260000.0,1201000.0,30.5,15.6,14.9,3.3,,,50.5
114,1904,82166000,2491000.0,1348000.0,1143000.0,30.3,16.4,13.9,4.8,,,47.6
115,1905,83822000,2523000.0,1332000.0,1191000.0,30.1,15.9,14.2,5.9,,,48.7
116,1906,85450000,2547000.0,1343000.0,1204000.0,29.8,15.7,14.1,5.0,,,48.7
117,1907,87008000,2568000.0,1385000.0,1183000.0,29.5,15.9,13.6,4.3,,,47.6
118,1908,88710000,2592000.0,1302000.0,1290000.0,29.2,14.7,14.5,4.6,,,51.1
119,1909,90490000,2718000.0,1289000.0,1429000.0,30.0,14.2,15.8,3.9,,,52.1
120,1910,92407000,2777000.0,1357000.0,1420000.0,30.1,14.7,15.4,5.4,,,50.0
121,1911,93863000,2809000.0,1305000.0,1504000.0,29.9,13.9,16.0,-0.5,3.57,114.0,52.6
122,1912,95335000,2840000.0,1297000.0,1543000.0,29.8,13.6,16.2,-0.7,3.56,111.1,53.5
123,1913,97225000,2869000.0,1343000.0,1526000.0,29.5,13.8,15.7,3.7,3.45,114.8,52.5
124,1914,99111000,2966000.0,1318000.0,1648000.0,29.9,13.3,16.6,2.4,3.57,107.2,54.2
125,1915,100546000,2965000.0,1325000.0,1640000.0,29.5,13.2,16.3,-2.0,3.52,99.9,54.5
126,1916,101961000,2964000.0,1408000.0,1556000.0,29.1,13.8,15.3,-1.4,3.47,101.0,51.7
127,1917,103414000,2944000.0,1445000.0,1499000.0,28.5,14.0,14.5,-0.4,3.333,93.8,50.9
128,1918,104550000,2948000.0,1892000.0,1056000.0,28.2,18.1,10.1,0.8,3.312,100.9,39.1
129,1919,105063000,2740000.0,1354000.0,1386000.0,26.1,12.9,13.2,-8.3,3.068,86.6,54.7
130,1920,106461000,2950000.0,1383000.0,1567000.0,27.7,13.0,14.7,-1.6,3.263,85.8,54.1
131,1921,108538000,3055000.0,1248000.0,1807000.0,28.1,11.5,16.6,2.5,3.326,75.6,60.8
132,1922,110049000,2882000.0,1286000.0,1596000.0,26.2,11.7,14.5,-0.8,3.109,76.2,59.6
133,1923,111947000,2910000.0,1358000.0,1552000.0,26.0,12.1,13.9,3.1,3.101,77.1,57.2
134,1924,114109000,2979000.0,1323000.0,1656000.0,26.1,11.6,14.5,4.4,3.121,70.8,59.7
135,1925,115828000,2909000.0,1353000.0,1556000.0,25.1,11.7,13.4,1.4,3.012,71.7,59.0
136,1926,117397000,2839000.0,1422000.0,1417000.0,24.2,12.1,12.1,1.3,2.901,73.3,56.7
137,1927,119085000,2802000.0,1347000.0,1455000.0,23.5,11.3,12.2,2.0,2.824,64.6,60.4
138,1928,120509000,2674000.0,1445000.0,1229000.0,22.2,12.0,10.2,1.6,2.66,68.7,56.8
139,1929,121767000,2582000.0,1447000.0,1135000.0,21.2,11.9,9.3,1.0,2.532,67.6,57.1
140,1930,123076741,2618000.0,1393000.0,1225000.0,21.3,11.3,10.0,0.7,2.533,64.6,59.7
141,1931,124039648,2506000.0,1372000.0,1134000.0,20.2,11.1,9.1,-1.4,2.402,61.6,61.1
142,1932,124840471,2440000.0,1358000.0,1082000.0,19.5,10.9,8.7,-2.3,2.319,57.6,62.1
143,1933,125578763,2307000.0,1342106.0,964894.0,18.4,10.7,7.7,-1.8,2.172,58.1,63.3
144,1934,126373773,2396000.0,1396903.0,999097.0,19.0,11.1,7.9,-1.6,2.232,60.1,61.1
145,1935,127250232,2377000.0,1392752.0,984248.0,18.7,10.9,7.7,-0.8,2.189,55.7,61.7
146,1936,128053180,2355000.0,1479228.0,875772.0,18.4,11.6,6.8,-0.6,2.146,57.1,58.5
147,1937,128824829,2413000.0,1450427.0,962573.0,18.7,11.3,7.5,-1.5,2.173,54.4,60.0
148,1938,129824939,2496000.0,1381391.0,1114609.0,19.2,10.6,8.6,-0.9,2.222,51.0,63.5
149,1939,130879718,2466000.0,1387897.0,1078103.0,18.8,10.6,8.2,-0.2,2.172,48.0,63.7
150,1940,132122446,2559000.0,1417269.0,1141731.0,19.4,10.7,8.6,0.8,2.301,47.0,62.9
151,1941,133402471,2703000.0,1397642.0,1305358.0,20.3,10.5,9.8,-0.2,2.399,45.3,64.8
152,1942,134859553,2989000.0,1385187.0,1603813.0,22.2,10.3,11.9,-1.1,2.628,40.4,66.2
153,1943,136739353,3104000.0,1459544.0,1644456.0,22.7,10.7,12.0,1.7,2.718,40.4,63.3
154,1944,138397345,2939000.0,1411338.0,1527662.0,21.2,10.2,11.0,0.9,2.568,39.8,65.2
155,1945,139928165,2858000.0,1401719.0,1456281.0,20.4,10.0,10.4,0.5,2.491,38.3,65.9
156,1946,141388566,3411000.0,1395617.0,2015383.0,24.1,9.9,14.3,-3.9,2.943,33.8,66.7
157,1947,144126071,3817000.0,1445370.0,2371630.0,26.5,10.0,16.5,2.5,3.274,32.2,66.8
158,1948,146631302,3637000.0,1444337.0,2192663.0,24.8,9.9,15.0,2.1,3.109,32.0,67.2
159,1949,149188130,3649000.0,1443607.0,2205393.0,24.5,9.7,14.8,2.4,3.11,31.3,68.0
160,1950,152271417,3632000.0,1452454.0,2179546.0,23.9,9.5,14.3,5.9,3.091,29.2,68.2
161,1951,154877889,3823000.0,1482099.0,2340901.0,24.7,9.6,15.1,1.7,3.269,28.4,68.4
162,1952,157552740,3913000.0,1496838.0,2416162.0,24.8,9.5,15.3,1.6,3.358,28.4,68.6
163,1953,160184192,3965000.0,1518459.0,2446541.0,24.8,9.5,15.3,1.2,3.424,27.8,68.8
164,1954,163025854,4078000.0,1481091.0,2596909.0,25.0,9.1,15.9,1.5,3.543,26.6,69.6
165,1955,165931202,4104000.0,1528717.0,2575283.0,24.7,9.2,15.5,2.0,3.58,26.4,69.6
166,1956,168903031,4218000.0,1564476.0,2653524.0,25.0,9.3,15.7,1.9,3.689,26.0,69.7
167,1957,171984130,4308000.0,1633128.0,2674872.0,25.0,9.5,15.6,2.4,3.767,26.3,69.5
168,1958,174881904,4255000.0,1647886.0,2607114.0,24.3,9.4,14.9,1.7,3.701,27.1,69.6
169,1959,177829628,4244796.0,1656814.0,2587982.0,23.9,9.3,14.6,2.0,3.67,26.4,69.9
170,1960,180671158,4257850.0,1711982.0,2545868.0,23.6,9.5,14.1,1.6,3.654,26.0,69.7
171,1961,183691481,4268326.0,1701522.0,2566804.0,23.2,9.3,14.0,2.5,3.629,25.3,70.2
172,1962,186537737,4167362.0,1756720.0,2410642.0,22.3,9.4,12.9,2.3,3.474,25.3,70.1
173,1963,189241798,4098020.0,1813549.0,2284471.0,21.7,9.6,12.1,2.2,3.333,25.2,69.9
174,1964,191888791,4027490.0,1798051.0,2229439.0,21.0,9.4,11.6,2.2,3.208,24.8,70.2
175,1965,194302963,3760358.0,1828136.0,1932222.0,19.4,9.4,9.9,2.5,2.928,24.7,70.2
176,1966,196560338,3606274.0,1863149.0,1743125.0,18.3,9.5,8.9,2.6,2.736,23.7,70.2
177,1967,198712056,3520959.0,1851323.0,1669636.0,17.7,9.3,8.4,2.4,2.578,22.4,70.5
178,1968,200706052,3501564.0,1930082.0,1571482.0,17.4,9.6,7.8,2.1,2.477,21.8,70.2
179,1969,202676946,3600206.0,1921990.0,1678216.0,17.8,9.5,8.3,1.4,2.465,20.9,70.5
180,1970,205052174,3731386.0,1921031.0,1810355.0,18.2,9.4,8.8,2.8,2.48,20.0,70.8
181,1971,207660677,3555970.0,1927542.0,1628428.0,17.1,9.3,7.8,4.7,2.266,19.1,71.1
182,1972,209896021,3258411.0,1963944.0,1294467.0,15.5,9.4,6.2,4.5,2.01,18.5,71.2
183,1973,211908788,3136965.0,1973003.0,1163962.0,14.8,9.3,5.5,4.0,1.879,17.7,71.4
184,1974,213853928,3159958.0,1934388.0,1225570.0,14.8,9.0,5.7,3.4,1.835,16.7,72.0
185,1975,215973199,3144198.0,1892879.0,1251319.0,14.6,8.8,5.8,4.0,1.774,16.1,72.6
186,1976,218035164,3167788.0,1909440.0,1258348.0,14.5,8.8,5.8,3.7,1.738,15.2,72.9
187,1977,220239425,3326632.0,1899597.0,1427035.0,15.1,8.6,6.5,3.5,1.789,14.1,73.3
188,1978,222584545,3333279.0,1927788.0,1405491.0,15.0,8.7,6.3,4.2,1.76,13.8,73.5
189,1979,225055487,3494398.0,1913841.0,1580557.0,15.5,8.5,7.0,4.0,1.808,13.1,73.9
190,1980,227224681,3612258.0,1989841.0,1622417.0,15.9,8.8,7.1,2.4,1.839,12.6,73.7
191,1981,229465714,3629238.0,1977981.0,1651257.0,15.8,8.6,7.2,2.6,1.812,11.9,74.1
192,1982,231664458,3680537.0,1974797.0,1705740.0,15.9,8.5,7.4,2.1,1.827,11.5,74.5
193,1983,233791994,3638933.0,2019201.0,1619732.0,15.6,8.6,6.9,2.2,1.799,11.2,74.6
194,1984,235824902,3669141.0,2039369.0,1629772.0,15.6,8.6,6.9,1.7,1.806,10.8,74.7
195,1985,237923795,3760561.0,2086440.0,1674121.0,15.8,8.8,7.0,1.8,1.844,10.6,74.7
196,1986,240132887,3756547.0,2105361.0,1651186.0,15.6,8.8,6.9,2.3,1.837,10.4,74.7
197,1987,242288918,3809394.0,2123323.0,1686071.0,15.7,8.8,7.0,1.9,1.872,10.1,74.9
198,1988,244498982,3909510.0,2167999.0,1741511.0,16.0,8.9,7.1,1.9,1.934,10.0,74.9
199,1989,246819230,4040958.0,2150466.0,1890492.0,16.4,8.7,7.7,1.7,2.014,9.8,75.1
200,1990,249622814,4158212.0,2148463.0,2009749.0,16.7,8.6,8.1,3.2,2.081,9.2,75.4
201,1991,252980021,4110907.0,2169518.0,1941389.0,16.2,8.6,7.7,5.6,2.062,8.9,75.5
202,1992,256512810,4065014.0,2175613.0,1889401.0,15.8,8.5,7.4,6.4,2.046,8.4,75.8
203,1993,259921907,4000240.0,2268553.0,1731687.0,15.4,8.7,6.7,6.5,2.019,8.4,75.5
204,1994,263126536,3952767.0,2278994.0,1673773.0,15.0,8.7,6.4,5.8,2.001,8.0,75.7
205,1995,266278403,3899589.0,2312132.0,1587457.0,14.6,8.7,6.0,5.9,1.978,7.6,75.8
206,1996,269394284,3891494.0,2314690.0,1576804.0,14.4,8.6,5.9,5.7,1.976,7.3,76.1
207,1997,272646074,3880894.0,2314245.0,1566649.0,14.2,8.5,5.7,6.2,1.971,7.2,76.5
208,1998,275854104,3941553.0,2337256.0,1604297.0,14.3,8.5,5.8,5.8,1.999,7.2,76.7
209,1999,279040168,3959417.0,2391399.0,1568018.0,14.2,8.6,5.6,5.8,2.007,7.0,76.7
210,2000,282162411,4058814.0,2403351.0,1655463.0,14.4,8.5,5.9,5.2,2.056,6.9,76.8
211,2001,284968955,4025933.0,2416425.0,1609508.0,14.1,8.5,5.6,4.2,2.03,6.8,77.0
212,2002,287625193,4021726.0,2443387.0,1578339.0,14.0,8.5,5.5,3.7,2.02,7.0,77.0
213,2003,290107933,4089950.0,2448288.0,1641662.0,14.1,8.4,5.7,2.9,2.047,6.8,77.2
214,2004,292805298,4112052.0,2397615.0,1714437.0,14.0,8.2,5.9,3.4,2.051,6.8,77.6
215,2005,295516599,4138349.0,2448017.0,1690332.0,14.0,8.3,5.7,3.5,2.057,6.9,77.6
216,2006,298379912,4265555.0,2426264.0,1839291.0,14.3,8.1,6.2,3.4,2.108,6.7,77.8
217,2007,301231207,4316234.0,2423712.0,1892522.0,14.3,8.0,6.3,3.2,2.12,6.8,78.1
218,2008,304093966,4247694.0,2471984.0,1775710.0,14.0,8.1,5.8,3.6,2.072,6.6,78.2
219,2009,306771529,4130665.0,2437163.0,1693502.0,13.5,7.9,5.5,3.2,2.002,6.4,78.5
220,2010,309327143,3999386.0,2468435.0,1530951.0,12.9,8.0,4.9,3.3,1.931,6.1,78.7
221,2011,311849745,3953590.0,2515458.0,1438132.0,12.7,8.1,4.6,3.5,1.894,6.1,78.7
222,2012,314361094,3952841.0,2543279.0,1409562.0,12.6,8.1,4.5,3.5,1.88,6.0,78.8
223,2013,316755680,3932181.0,2596993.0,1335188.0,12.4,8.2,4.2,3.3,1.857,6.0,78.8
224,2014,319297805,3988076.0,2626418.0,1361658.0,12.5,8.2,4.3,3.7,1.862,5.8,78.9
225,2015,321882469,3978497.0,2712630.0,1265867.0,12.4,8.4,3.9,4.1,1.843,5.9,78.7
226,2016,324426311,3945875.0,2744248.0,1201627.0,12.2,8.5,3.7,4.1,1.82,5.9,78.7
227,2017,326686918,3855500.0,2813503.0,1041997.0,11.8,8.6,3.2,3.7,1.765,5.8,78.6
228,2018,328571142,3791712.0,2839205.0,952507.0,11.5,8.6,2.9,2.8,1.729,5.7,78.7
229,2019,330284261,3747540.0,2854858.0,892682.0,11.3,8.6,2.7,2.5,1.706,5.6,78.8
230,2020,331578104,3613647.0,3383729.0,229918.0,10.9,10.2,0.7,3.2,1.641,5.4,77.0
231,2021,332100166,3664292.0,3464231.0,200061.0,11.0,10.4,0.6,1.0,1.664,5.4,76.4
232,2022,333996304,3667758.0,3279857.0,387901.0,11.0,9.8,1.2,4.5,1.656,5.6,77.5
233,2023,336755052,3596017.0,3090964.0,505053.0,10.7,9.2,1.5,6.7,1.621,5.6,78.4
234,2024,340003797,3628934.0,3072666.0,556268.0,10.7,9.0,1.7,7.9,1.599,5.5,79.0
235,2025,341784857,3606407.0,3096671.0,509736.0,10.6,9.1,1.5,3.7,1.583,5.4,
